page_url,page_uid,page_id,page_name,styleguide_id,image_urls_found,images_downloaded,duplicates_skipped,output_folder
"https://zeroheight.com/626199550/p/16f691-action-menu","16f691","5422233","Action menu","92948","77","77","0","zeroheight_images/16f691_Action menu"
"https://zeroheight.com/626199550/p/7142d3-alert","7142d3","5458271","Alert","92948","36","36","0","zeroheight_images/7142d3_Alert"
"https://zeroheight.com/626199550/p/74e509-accordion","74e509","5960781","Accordion","92948","32","31","1","zeroheight_images/74e509_Accordion"
"https://zeroheight.com/626199550/p/094183-autocomplete","094183","4743086","Autocomplete","92948","69","67","2","zeroheight_images/094183_Autocomplete"
"https://zeroheight.com/626199550/p/330891-avatar","330891","4571068","Avatar","92948","72","72","0","zeroheight_images/330891_Avatar"
"https://zeroheight.com/626199550/p/97e03c-button","97e03c","4058883","Button","92948","91","88","2","zeroheight_images/97e03c_Button"
"https://zeroheight.com/626199550/p/093ea0-button-card","093ea0","5268968","Button card","92948","64","61","1","zeroheight_images/093ea0_Button card"
"https://zeroheight.com/626199550/p/83dfff-button-group","83dfff","5401910","Button group","92948","80","77","2","zeroheight_images/83dfff_Button group"
"https://zeroheight.com/626199550/p/72edda-card","72edda","4277281","Card","92948","48","45","3","zeroheight_images/72edda_Card"
"https://zeroheight.com/626199550/p/19c888-carousel","19c888","4929357","Carousel","92948","44","41","2","zeroheight_images/19c888_Carousel"
"https://zeroheight.com/626199550/p/27116a-cell-content","27116a","4241216","Cell content","92948","69","65","3","zeroheight_images/27116a_Cell content"
"https://zeroheight.com/626199550/p/3044f1-checkbox","3044f1","4098284","Checkbox","92948","90","87","3","zeroheight_images/3044f1_Checkbox"
"https://zeroheight.com/626199550/p/41df87-checkbox-group","41df87","5321077","Checkbox group","92948","49","47","2","zeroheight_images/41df87_Checkbox group"
"https://zeroheight.com/626199550/p/32f686-chip","32f686","6554785","Chip","92948","51","49","2","zeroheight_images/32f686_Chip"
"https://zeroheight.com/626199550/p/792d1e-chip-group","792d1e","6618035","Chip group","92948","65","63","2","zeroheight_images/792d1e_Chip group"
"https://zeroheight.com/626199550/p/5163e9-coach-mark","5163e9","7081954","Coach mark","92948","42","41","1","zeroheight_images/5163e9_Coach mark"
"https://zeroheight.com/626199550/p/273135-counter-field","273135","6126624","Counter field","92948","41","39","2","zeroheight_images/273135_Counter field"
"https://zeroheight.com/626199550/p/726e77-energy-tag","726e77","6463330","Energy tag","92948","102","101","1","zeroheight_images/726e77_Energy tag"
"https://zeroheight.com/626199550/p/507794-divider","507794","4241543","Divider","92948","14","11","3","zeroheight_images/507794_Divider"
"https://zeroheight.com/626199550/p/98cf75-dropdown","98cf75","4089817","Dropdown","92948","90","87","3","zeroheight_images/98cf75_Dropdown"
"https://zeroheight.com/626199550/p/8754bc-feedback-message","8754bc","6227434","Feedback message","92948","51","49","2","zeroheight_images/8754bc_Feedback message"
"https://zeroheight.com/626199550/p/952ba9-floating-button-group","952ba9","4699586","Floating button group","92948","29","27","2","zeroheight_images/952ba9_Floating button group"
"https://zeroheight.com/626199550/p/682afc-link","682afc","4111933","Link","92948","44","41","3","zeroheight_images/682afc_Link"
"https://zeroheight.com/626199550/p/5942fd-modal-bottom-sheet","5942fd","4838668","Modal bottom sheet","92948","79","77","2","zeroheight_images/5942fd_Modal bottom sheet"
"https://zeroheight.com/626199550/p/28f40b-modal-bottom-sheet-menu","28f40b","7480966","Modal bottom sheet menu","92948","43","41","2","zeroheight_images/28f40b_Modal bottom sheet menu"
"https://zeroheight.com/626199550/p/4486f6-progress-bar","4486f6","6027728","Progress bar","92948","37","35","2","zeroheight_images/4486f6_Progress bar"
"https://zeroheight.com/626199550/p/13d473-progress-circle","13d473","6455138","Progress circle","92948","21","19","2","zeroheight_images/13d473_Progress circle"
"https://zeroheight.com/626199550/p/75187e-pagination","75187e","4606691","Pagination","92948","35","33","2","zeroheight_images/75187e_Pagination"
"https://zeroheight.com/626199550/p/55bfd7-radio-button-group","55bfd7","4102674","Radio button group","92948","46","43","3","zeroheight_images/55bfd7_Radio button group"
"https://zeroheight.com/626199550/p/8293d5-rating","8293d5","4739302","Rating ","92948","35","33","2","zeroheight_images/8293d5_Rating"
"https://zeroheight.com/626199550/p/093c98-segmented-control","093c98","7378102","Segmented control","92948","30","29","1","zeroheight_images/093c98_Segmented control"
"https://zeroheight.com/626199550/p/44717f-select-card-group","44717f","7372254","Select card (group)","92948","63","61","2","zeroheight_images/44717f_Select card _group"
"https://zeroheight.com/626199550/p/978d66-slider","978d66","6871511","Slider ","92948","38","37","1","zeroheight_images/978d66_Slider"
"https://zeroheight.com/626199550/p/54ff4c-snackbar","54ff4c","4741543","Snackbar","92948","59","57","2","zeroheight_images/54ff4c_Snackbar"
"https://zeroheight.com/626199550/p/45521d-tabs","45521d","4183233","Tabs","92948","74","71","3","zeroheight_images/45521d_Tabs"
"https://zeroheight.com/626199550/p/28d2fb-tag","28d2fb","6549200","Tag","92948","51","49","2","zeroheight_images/28d2fb_Tag"
"https://zeroheight.com/626199550/p/438e9d-text-area","438e9d","6037365","Text area","92948","77","75","2","zeroheight_images/438e9d_Text area"
"https://zeroheight.com/626199550/p/980e7b-text-field","980e7b","4082024","Text field","92948","79","75","3","zeroheight_images/980e7b_Text field"
"https://zeroheight.com/626199550/p/4685c0-toggle","4685c0","6088957","Toggle","92948","61","59","2","zeroheight_images/4685c0_Toggle"
"https://zeroheight.com/626199550/p/51f970-toggle-group","51f970","6088958","Toggle group","92948","39","37","2","zeroheight_images/51f970_Toggle group"
"https://zeroheight.com/626199550/p/73ea8a-breadcrumb","73ea8a","6380310","Breadcrumb","92948","28","27","1","zeroheight_images/73ea8a_Breadcrumb"
"https://zeroheight.com/626199550/p/10cef9-charts","10cef9","6027726","Charts","92948","3","3","0","zeroheight_images/10cef9_Charts"
"https://zeroheight.com/626199550/p/3894ee-anatomy","3894ee","6029293","Anatomy","92948","1","1","0","zeroheight_images/3894ee_Anatomy"
"https://zeroheight.com/626199550/p/18255b-bar-chart","18255b","6403739","Bar chart","92948","29","29","0","zeroheight_images/18255b_Bar chart"
"https://zeroheight.com/626199550/p/075897-line-chart","075897","6403766","Line chart","92948","16","15","1","zeroheight_images/075897_Line chart"
"https://zeroheight.com/626199550/p/4535b7-donut-chart","4535b7","6403767","Donut chart","92948","17","17","0","zeroheight_images/4535b7_Donut chart"
"https://zeroheight.com/626199550/p/87bb1e-legend","87bb1e","6029305","Legend","92948","2","2","0","zeroheight_images/87bb1e_Legend"
"https://zeroheight.com/626199550/p/9530c7-filters-and-actions","9530c7","6029291","Filters and actions","92948","18","16","0","zeroheight_images/9530c7_Filters and actions"
"https://zeroheight.com/626199550/p/59b69a-colors","59b69a","6037362","Colors","92948","55","52","3","zeroheight_images/59b69a_Colors"
"https://zeroheight.com/626199550/p/175934-accessibility","175934","6029306","Accessibility","92948","2","2","0","zeroheight_images/175934_Accessibility"
"https://zeroheight.com/626199550/p/33c9e4-date-picker","33c9e4","6408545","Date picker","92948","141","139","2","zeroheight_images/33c9e4_Date picker"
"https://zeroheight.com/626199550/p/00a21c-filter-bar","00a21c","4899430","Filter bar","92948","38","38","0","zeroheight_images/00a21c_Filter bar"
"https://zeroheight.com/626199550/p/84818f-info-state","84818f","4743420","Info state","92948","31","29","2","zeroheight_images/84818f_Info state"
"https://zeroheight.com/626199550/p/88924c-kpi","88924c","6027729","KPI","92948","15","15","0","zeroheight_images/88924c_KPI"
"https://zeroheight.com/626199550/p/21722f-media-upload","21722f","6522555","Media upload","92948","95","93","2","zeroheight_images/21722f_Media upload"
"https://zeroheight.com/626199550/p/1516f0-navigation-bar-web","1516f0","6576803","Navigation bar (web)","92948","40","39","1","zeroheight_images/1516f0_Navigation bar _web"
"https://zeroheight.com/626199550/p/27f21d-top-bar","27f21d","4755992","Top bar","92948","42","39","2","zeroheight_images/27f21d_Top bar"
"https://zeroheight.com/626199550/p/723d8b-wizard","723d8b","5380298","Wizard","92948","67","65","2","zeroheight_images/723d8b_Wizard"
"https://zeroheight.com/626199550/p/244373-floor-selection","244373","6144807","Floor selection","92948","46","45","1","zeroheight_images/244373_Floor selection"
"https://zeroheight.com/626199550/p/20fbaa-listing-card","20fbaa","5838674","Listing card","92948","27","26","0","zeroheight_images/20fbaa_Listing card"
"https://zeroheight.com/626199550/p/6511c7-listing-summary","6511c7","5881533","Listing summary","92948","13","13","0","zeroheight_images/6511c7_Listing summary"
"https://zeroheight.com/626199550/p/490309-phone-number-field","490309","5370904","Phone number field","92948","77","75","2","zeroheight_images/490309_Phone number field"
"https://zeroheight.com/626199550/p/468295-maps","468295","6027727","Maps","92948","3","3","0","zeroheight_images/468295_Maps"
"https://zeroheight.com/626199550/p/2332da-pins","2332da","6525632","Pins","92948","4","3","1","zeroheight_images/2332da_Pins"
"https://zeroheight.com/626199550/p/9960c2-cards-over-maps","9960c2","6577602","Cards over Maps","92948","15","15","0","zeroheight_images/9960c2_Cards over Maps"
"https://zeroheight.com/626199550/p/855adc-layout","855adc","6623603","Layout","92948","5","5","0","zeroheight_images/855adc_Layout"
"https://zeroheight.com/626199550/p/851561-tables","851561","7289832","Tables","92948","38","38","0","zeroheight_images/851561_Tables"
"https://zeroheight.com/626199550/p/609063-set-up-your-table-in-figma","609063","7305604","Set up your Table in Figma","92948","10","10","0","zeroheight_images/609063_Set up your Table in Figma"
